-- Category
INSERT INTO
    public."Category" (id, key, name, image)
VALUES
    (
        1,
        'womens-clothing',
        'Women''s Clothing',
        'http://assets.myntassets.com/v1/images/style/properties/f3964f76c78edd85f4512d98b26d52e9_images.jpg'
    ),
    (
        2,
        'mens-clothing',
        'Mens Clothing',
        'http://assets.myntassets.com/v1/images/style/properties/dce310e4c15223a6c964631190263284_images.jpg'
    ),
    (
        3,
        'accessories',
        'Accessories',
        'http://assets.myntassets.com/v1/images/style/properties/fc3c1b46906d5c148c45f532d0b3ffb5_images.jpg'
    ),
    (
        4,
        'shoes',
        'Shoes',
        'http://assets.myntassets.com/v1/images/style/properties/ef9685293a987f515492addd034006bf_images.jpg'
    );

-- Insert sample products
INSERT INTO
    public."Product" (
        id,
        "categoryId",
        color,
        usage,
        name,
        thumbnail,
        price
    )
VALUES
    -- Women's Clothing
    (
        1,
        1,
        'Blue',
        'Casual',
        'Madagascar Girls Green Innerwear Vest',
        'http://assets.myntassets.com/v1/images/style/properties/1109685531795f17aca2acaba2ab39ad_images.jpg',
        25
    ),
    (
        2,
        1,
        'Black',
        'Formal',
        'Women''s Dress',
        'http://assets.myntassets.com/v1/images/style/properties/0d3b2725d327a275c52c6f999e3982eb_images.jpg',
        50
    ),
    (
        3,
        1,
        'Red',
        'Casual',
        'Women''s T-shirt',
        'http://assets.myntassets.com/v1/images/style/properties/Do-u-speak-Green-Girls-Olive-34-Pant_62311570aeebd7385030de554584a065_images.jpg',
        15
    ),
    (
        4,
        1,
        'Green',
        'Outdoor',
        'Women''s Jacket',
        'http://assets.myntassets.com/v1/images/style/properties/3a4faa7c017c3ea1e8df9c887b929d50_images.jpg',
        70
    ),
    (
        5,
        1,
        'Navy',
        'Casual',
        'Women''s Jeans',
        'http://assets.myntassets.com/v1/images/style/properties/1f7c87ee0ac12c35df8c1dd28e2cd692_images.jpg',
        35
    ),
    -- Men's Clothing  
    (
        6,
        2,
        'White',
        'Formal',
        'Men''s Shirt',
        'http://assets.myntassets.com/v1/images/style/properties/4c35804275294e78210e4dcf86686652_images.jpg',
        30
    ),
    (
        7,
        2,
        'Gray',
        'Casual',
        'Men''s Hoodie',
        'http://assets.myntassets.com/v1/images/style/properties/9fa6bd6c5b841804bdee04460ee934de_images.jpg',
        40
    ),
    (
        8,
        2,
        'Brown',
        'Casual',
        'Men''s Chinos',
        'http://assets.myntassets.com/v1/images/style/properties/87725859164f90b1c366659f2f381238_images.jpg',
        45
    ),
    (
        9,
        2,
        'Navy',
        'Formal',
        'Men''s Suit',
        'http://assets.myntassets.com/v1/images/style/properties/4e26ee06c517e6f227ca6af3653f0f6b_images.jpg',
        150
    ),
    (
        10,
        2,
        'Black',
        'Casual',
        'Men''s T-shirt',
        'http://assets.myntassets.com/v1/images/style/properties/552488b55aa1c615f830fd043f570d15_images.jpg',
        20
    ),
    -- Accessories
    (
        11,
        3,
        'Gold',
        'Jewelry',
        'Women''s Necklace',
        'http://assets.myntassets.com/v1/images/style/properties/7ed1ca17fdfdefdd6320156fe7ea7292_images.jpg',
        65
    ),
    (
        12,
        3,
        'Silver',
        'Jewelry',
        'Women''s Earrings',
        'http://assets.myntassets.com/v1/images/style/properties/3877b9da648c16c969b043643426be71_images.jpg',
        40
    ),
    (
        13,
        3,
        'Brown',
        'Bags',
        'Leather Tote',
        'http://assets.myntassets.com/v1/images/style/properties/7195b148c3b6b41cf4ad730cbe7abbcb_images.jpg',
        80
    ),
    (
        14,
        3,
        'Black',
        'Bags',
        'Backpack',
        'http://assets.myntassets.com/v1/images/style/properties/4882420c3607228a30540b5b99aba1d4_images.jpg',
        55
    ),
    (
        15,
        3,
        'Red',
        'Scarves',
        'Silk Scarf',
        'http://assets.myntassets.com/v1/images/style/properties/8f184224331047aa5fc5b0041b04dc53_images.jpg',
        25
    ),
    -- Shoes
    (
        16,
        4,
        'Black',
        'Casual',
        'Women''s Sneakers',
        'http://assets.myntassets.com/v1/images/style/properties/06edc2da9c6d103d299e5e8dafc5b6b9_images.jpg',
        60
    ),
    (
        17,
        4,
        'Brown',
        'Formal',
        'Men''s Dress Shoes',
        'http://assets.myntassets.com/v1/images/style/properties/9c3d77147758ab10f12caf6184fe13ef_images.jpg',
        90
    ),
    (
        18,
        4,
        'White',
        'Casual',
        'Unisex Sandals',
        'http://assets.myntassets.com/v1/images/style/properties/4eff2353c62ec8b7bca9fbbaf5996bd2_images.jpg',
        35
    ),
    (
        19,
        4,
        'Black',
        'Formal',
        'Women''s Heels',
        'http://assets.myntassets.com/v1/images/style/properties/Arrow-Men-Black-Formal-Shoes_70a3c7c185338a5636c8c0e668829bb6_images.jpg',
        75
    ),
    (
        20,
        4,
        'Gray',
        'Outdoor',
        'Hiking Boots',
        'http://assets.myntassets.com/v1/images/style/properties/70e74ca34b3b534b19d6b006d5bfad0a_images.jpg',
        100
    );

INSERT INTO
    public."Option" (id, name)
VALUES
    (1, 'Size'),
    (2, 'Color'),
    (3, 'Material'),
    (4, 'Fit'),
    (5, 'Style');

INSERT INTO
    public."OptionValue" (id, "optionId", name)
VALUES
    (1, 1, 'Small'),
    (2, 1, 'Medium'),
    (3, 1, 'Large'),
    (4, 1, 'X-Large'),
    (5, 2, 'Black'),
    (6, 2, 'White'),
    (7, 2, 'Blue'),
    (8, 2, 'Red'),
    (9, 2, 'Green'),
    (10, 3, 'Cotton'),
    (11, 3, 'Polyester'),
    (12, 3, 'Silk'),
    (13, 3, 'Leather'),
    (14, 4, 'Slim Fit'),
    (15, 4, 'Regular Fit'),
    (16, 4, 'Relaxed Fit'),
    (17, 5, 'Casual'),
    (18, 5, 'Formal'),
    (19, 5, 'Athletic');

INSERT INTO
    public."ProductOption" (productId, optionId)
VALUES
    (1, 1),
    (1, 2),
    (1, 3),
    (1, 4),
    (1, 5),
    (2, 1),
    (2, 2),
    (2, 3),
    (2, 4),
    (2, 5),
    (3, 1),
    (3, 2),
    (3, 3),
    (3, 4),
    (3, 5),
    (4, 1),
    (4, 2),
    (4, 3),
    (4, 4),
    (4, 5),
    (5, 1),
    (5, 2),
    (5, 3),
    (5, 4),
    (5, 5),
    (6, 1),
    (6, 2),
    (6, 3),
    (6, 4),
    (6, 5),
    (7, 1),
    (7, 2),
    (7, 3),
    (7, 4),
    (7, 5),
    (8, 1),
    (8, 2),
    (8, 3),
    (8, 4),
    (8, 5),
    (9, 1),
    (9, 2),
    (9, 3),
    (9, 4),
    (9, 5),
    (10, 1),
    (10, 2),
    (10, 3),
    (10, 4),
    (10, 5),
    (11, 1),
    (11, 2),
    (11, 3),
    (11, 4),
    (11, 5),
    (12, 1),
    (12, 2),
    (12, 3),
    (12, 4),
    (12, 5),
    (13, 1),
    (13, 2),
    (13, 3),
    (13, 4),
    (13, 5),
    (14, 1),
    (14, 2),
    (14, 3),
    (14, 4),
    (14, 5),
    (15, 1),
    (15, 2),
    (15, 3),
    (15, 4),
    (15, 5),
    (16, 1),
    (16, 2),
    (16, 3),
    (16, 4),
    (16, 5),
    (17, 1),
    (17, 2),
    (17, 3),
    (17, 4),
    (17, 5),
    (18, 1),
    (18, 2),
    (18, 3),
    (18, 4),
    (18, 5),
    (19, 1),
    (19, 2),
    (19, 3),
    (19, 4),
    (19, 5),
    (20, 1),
    (20, 2),
    (20, 3),
    (20, 4),
    (20, 5);

INSERT INTO public."ProductVariant" ("productId",sku,images,price,quantity) VALUES
	 (1,'9fcdb309-235a-4e56-9b62-2cbc100291ac','http://assets.myntassets.com/v1/images/style/properties/b65078ba0112f107d024a4e3c028c38b_images.jpg',66,64),
	 (2,'c832405b-1d3a-4bf6-9468-26cc6b3cf35b','http://assets.myntassets.com/v1/images/style/properties/b65078ba0112f107d024a4e3c028c38b_images.jpg',86,41),
	 (3,'9f37dd83-df83-4740-a900-0238db6d2197','http://assets.myntassets.com/v1/images/style/properties/b65078ba0112f107d024a4e3c028c38b_images.jpg',1,30),
	 (4,'65dec84d-046d-4b38-9ee2-55cbe328648c','http://assets.myntassets.com/v1/images/style/properties/b65078ba0112f107d024a4e3c028c38b_images.jpg',36,81),
	 (5,'7cec77de-1bbe-440f-adda-f467f232164f','http://assets.myntassets.com/v1/images/style/properties/b65078ba0112f107d024a4e3c028c38b_images.jpg',92,57),
	 (6,'27a2551b-d2d8-4323-af32-30d10037a0fe','http://assets.myntassets.com/v1/images/style/properties/b65078ba0112f107d024a4e3c028c38b_images.jpg',16,26),
	 (7,'c8a4a9b5-48d9-48a4-99f0-6b1aec446b0f','http://assets.myntassets.com/v1/images/style/properties/b65078ba0112f107d024a4e3c028c38b_images.jpg',24,84),
	 (8,'94e72ae2-9e52-444c-b640-54448090023c','http://assets.myntassets.com/v1/images/style/properties/b65078ba0112f107d024a4e3c028c38b_images.jpg',1,12),
	 (9,'868feb47-996b-4f05-af4b-537dd6c665b8','http://assets.myntassets.com/v1/images/style/properties/b65078ba0112f107d024a4e3c028c38b_images.jpg',91,83),
	 (10,'ec5ff3f7-0a95-402c-b9bb-eb40a304244f','http://assets.myntassets.com/v1/images/style/properties/b65078ba0112f107d024a4e3c028c38b_images.jpg',78,33);
INSERT INTO public."ProductVariant" ("productId",sku,images,price,quantity) VALUES
	 (11,'47f2dc46-38fd-4da2-8c56-60d19c41dcbd','http://assets.myntassets.com/v1/images/style/properties/b65078ba0112f107d024a4e3c028c38b_images.jpg',14,79),
	 (12,'c622ad57-c4aa-4ad4-857b-9b2a495cbb7d','http://assets.myntassets.com/v1/images/style/properties/b65078ba0112f107d024a4e3c028c38b_images.jpg',20,4),
	 (13,'06fec225-0b7b-41de-b586-74cbc052b3e7','http://assets.myntassets.com/v1/images/style/properties/b65078ba0112f107d024a4e3c028c38b_images.jpg',83,55),
	 (14,'471870ba-385b-403e-8c26-afff253d0c2b','http://assets.myntassets.com/v1/images/style/properties/b65078ba0112f107d024a4e3c028c38b_images.jpg',37,54),
	 (15,'1f79bc2d-0f4b-4f89-8a61-3a6f7959f025','http://assets.myntassets.com/v1/images/style/properties/b65078ba0112f107d024a4e3c028c38b_images.jpg',59,34),
	 (16,'26b451bc-9a46-45d7-a11f-1638526a86e8','http://assets.myntassets.com/v1/images/style/properties/b65078ba0112f107d024a4e3c028c38b_images.jpg',80,15),
	 (17,'cf27e2d9-c5d4-4f0a-80c8-76699886b183','http://assets.myntassets.com/v1/images/style/properties/b65078ba0112f107d024a4e3c028c38b_images.jpg',5,89),
	 (18,'223c4ae9-7632-4252-a262-c9e70ab30d08','http://assets.myntassets.com/v1/images/style/properties/b65078ba0112f107d024a4e3c028c38b_images.jpg',78,76),
	 (19,'cd186926-88ae-437c-bfa4-c5a66aa8a567','http://assets.myntassets.com/v1/images/style/properties/b65078ba0112f107d024a4e3c028c38b_images.jpg',79,29),
	 (20,'a0014a9b-c8c2-41a5-a764-603c8f4e42a4','http://assets.myntassets.com/v1/images/style/properties/b65078ba0112f107d024a4e3c028c38b_images.jpg',32,51);
INSERT INTO public."ProductVariant" ("productId",sku,images,price,quantity) VALUES
	 (1,'b43b97dd-8645-4df1-9691-ea8ca2d74fd9','http://assets.myntassets.com/v1/images/style/properties/b65078ba0112f107d024a4e3c028c38b_images.jpg',100,25),
	 (2,'d88521c4-6df2-4303-939f-94c0cabd6132','http://assets.myntassets.com/v1/images/style/properties/b65078ba0112f107d024a4e3c028c38b_images.jpg',4,94),
	 (3,'930c488b-0706-4521-9ed9-c06386c7d372','http://assets.myntassets.com/v1/images/style/properties/b65078ba0112f107d024a4e3c028c38b_images.jpg',72,55),
	 (4,'e837d14f-7b25-433e-a134-e327a77c0cd4','http://assets.myntassets.com/v1/images/style/properties/b65078ba0112f107d024a4e3c028c38b_images.jpg',7,74),
	 (5,'b140d84d-e1c0-4b98-a16a-aa664cf7316c','http://assets.myntassets.com/v1/images/style/properties/b65078ba0112f107d024a4e3c028c38b_images.jpg',79,76),
	 (6,'715d3212-4b98-463d-9801-6ca581e3933b','http://assets.myntassets.com/v1/images/style/properties/b65078ba0112f107d024a4e3c028c38b_images.jpg',82,50),
	 (7,'96ec954e-522c-4a3d-9f85-a2a5ee164031','http://assets.myntassets.com/v1/images/style/properties/b65078ba0112f107d024a4e3c028c38b_images.jpg',86,71),
	 (8,'aec74c64-be21-4dcf-a80d-4c42f9f79d16','http://assets.myntassets.com/v1/images/style/properties/b65078ba0112f107d024a4e3c028c38b_images.jpg',18,86),
	 (9,'8f3aa341-e417-4900-a6d1-fd5cceeb8304','http://assets.myntassets.com/v1/images/style/properties/b65078ba0112f107d024a4e3c028c38b_images.jpg',56,14),
	 (10,'bc980e4a-3067-4cdb-aa12-ea41a0f61bae','http://assets.myntassets.com/v1/images/style/properties/b65078ba0112f107d024a4e3c028c38b_images.jpg',27,46);
INSERT INTO public."ProductVariant" ("productId",sku,images,price,quantity) VALUES
	 (11,'9dd69eb3-e61d-41a0-b267-558ca1939e28','http://assets.myntassets.com/v1/images/style/properties/b65078ba0112f107d024a4e3c028c38b_images.jpg',6,11),
	 (12,'f143d65b-f21c-4d80-8425-a34bf61b0682','http://assets.myntassets.com/v1/images/style/properties/b65078ba0112f107d024a4e3c028c38b_images.jpg',5,88),
	 (13,'5849ad8e-34d3-48be-8d4b-f69ea0aff673','http://assets.myntassets.com/v1/images/style/properties/b65078ba0112f107d024a4e3c028c38b_images.jpg',23,42),
	 (14,'b5bd789b-8d94-4c2c-9f20-af605aa742b3','http://assets.myntassets.com/v1/images/style/properties/b65078ba0112f107d024a4e3c028c38b_images.jpg',35,57),
	 (15,'55513f97-b6f6-4c21-a9a4-840f7a642b85','http://assets.myntassets.com/v1/images/style/properties/b65078ba0112f107d024a4e3c028c38b_images.jpg',60,26),
	 (16,'79af1e07-afca-40f6-ae6f-798dea9b09f3','http://assets.myntassets.com/v1/images/style/properties/b65078ba0112f107d024a4e3c028c38b_images.jpg',25,18),
	 (17,'d17247a9-7ec3-49e1-8acb-f0364f9824d9','http://assets.myntassets.com/v1/images/style/properties/b65078ba0112f107d024a4e3c028c38b_images.jpg',71,1),
	 (18,'5e5d1fef-d905-43c6-91b4-c5b30cdf9796','http://assets.myntassets.com/v1/images/style/properties/b65078ba0112f107d024a4e3c028c38b_images.jpg',26,63),
	 (19,'e4daad47-093e-4c12-a2c7-da3e466c7bb5','http://assets.myntassets.com/v1/images/style/properties/b65078ba0112f107d024a4e3c028c38b_images.jpg',74,52),
	 (20,'ac7e8bb1-e043-42d2-bf2e-6231270d892b','http://assets.myntassets.com/v1/images/style/properties/b65078ba0112f107d024a4e3c028c38b_images.jpg',28,88);


INSERT INTO
    public."VariantValue" ("productId", "variantId", "optionId", "valueId")
VALUES
    (1, 1, 1, 1),
    (1, 1, 2, 5),
    (1, 1, 3, 10),
    (1, 1, 4, 14),
    (1, 1, 5, 17),
    (2, 2, 1, 1),
    (2, 2, 2, 5),
    (2, 2, 3, 10),
    (2, 2, 4, 14),
    (2, 2, 5, 17),
    (3, 3, 1, 1),
    (3, 3, 2, 5),
    (3, 3, 3, 10),
    (3, 3, 4, 14),
    (3, 3, 5, 17),
    (4, 4, 1, 1),
    (4, 4, 2, 5),
    (4, 4, 3, 10),
    (4, 4, 4, 14),
    (4, 4, 5, 17),
    (5, 5, 1, 1),
    (5, 5, 2, 5),
    (5, 5, 3, 10),
    (5, 5, 4, 14),
    (5, 5, 5, 17),
    (6, 6, 1, 1),
    (6, 6, 2, 5),
    (6, 6, 3, 10),
    (6, 6, 4, 14),
    (6, 6, 5, 17),
    (7, 7, 1, 1),
    (7, 7, 2, 5),
    (7, 7, 3, 10),
    (7, 7, 4, 14),
    (7, 7, 5, 17),
    (8, 8, 1, 1),
    (8, 8, 2, 5),
    (8, 8, 3, 10),
    (8, 8, 4, 14),
    (8, 8, 5, 17),
    (9, 9, 1, 1),
    (9, 9, 2, 5),
    (9, 9, 3, 10),
    (9, 9, 4, 14),
    (9, 9, 5, 17),
    (10, 10, 1, 1),
    (10, 10, 2, 5),
    (10, 10, 3, 10),
    (10, 10, 4, 14),
    (10, 10, 5, 17),
    (11, 11, 1, 1),
    (11, 11, 2, 5),
    (11, 11, 3, 10),
    (11, 11, 4, 14),
    (11, 11, 5, 17),
    (12, 12, 1, 1),
    (12, 12, 2, 5),
    (12, 12, 3, 10),
    (12, 12, 4, 14),
    (12, 12, 5, 17),
    (13, 13, 1, 1),
    (13, 13, 2, 5),
    (13, 13, 3, 10),
    (13, 13, 4, 14),
    (13, 13, 5, 17),
    (14, 14, 1, 1),
    (14, 14, 2, 5),
    (14, 14, 3, 10),
    (14, 14, 4, 14),
    (14, 14, 5, 17),
    (15, 15, 1, 1),
    (15, 15, 2, 5),
    (15, 15, 3, 10),
    (15, 15, 4, 14),
    (15, 15, 5, 17),
    (16, 16, 1, 1),
    (16, 16, 2, 5),
    (16, 16, 3, 10),
    (16, 16, 4, 14),
    (16, 16, 5, 17),
    (17, 17, 1, 1),
    (17, 17, 2, 5),
    (17, 17, 3, 10),
    (17, 17, 4, 14),
    (17, 17, 5, 17),
    (18, 18, 1, 1),
    (18, 18, 2, 5),
    (18, 18, 3, 10),
    (18, 18, 4, 14),
    (18, 18, 5, 17),
    (19, 19, 1, 1),
    (19, 19, 2, 5),
    (19, 19, 3, 10),
    (19, 19, 4, 14),
    (19, 19, 5, 17),
    (20, 20, 1, 1),
    (20, 20, 2, 5),
    (20, 20, 3, 10),
    (20, 20, 4, 14),
    (20, 20, 5, 17),
    (1, 21, 1, 2),
    (1, 21, 2, 6),
    (1, 21, 3, 11),
    (1, 21, 4, 15),
    (1, 21, 5, 18),
    (2, 22, 1, 2),
    (2, 22, 2, 6),
    (2, 22, 3, 11),
    (2, 22, 4, 15),
    (2, 22, 5, 18),
    (3, 23, 1, 2),
    (3, 23, 2, 6),
    (3, 23, 3, 11),
    (3, 23, 4, 15),
    (3, 23, 5, 18),
    (4, 24, 1, 2),
    (4, 24, 2, 6),
    (4, 24, 3, 11),
    (4, 24, 4, 15),
    (4, 24, 5, 18),
    (5, 25, 1, 2),
    (5, 25, 2, 6),
    (5, 25, 3, 11),
    (5, 25, 4, 15),
    (5, 25, 5, 18),
    (6, 26, 1, 2),
    (6, 26, 2, 6),
    (6, 26, 3, 11),
    (6, 26, 4, 15),
    (6, 26, 5, 18),
    (7, 27, 1, 2),
    (7, 27, 2, 6),
    (7, 27, 3, 11),
    (7, 27, 4, 15),
    (7, 27, 5, 18),
    (8, 28, 1, 2),
    (8, 28, 2, 6),
    (8, 28, 3, 11),
    (8, 28, 4, 15),
    (8, 28, 5, 18),
    (9, 29, 1, 2),
    (9, 29, 2, 6),
    (9, 29, 3, 11),
    (9, 29, 4, 15),
    (9, 29, 5, 18),
    (10, 30, 1, 2),
    (10, 30, 2, 6),
    (10, 30, 3, 11),
    (10, 30, 4, 15),
    (10, 30, 5, 18),
    (11, 31, 1, 2),
    (11, 31, 2, 6),
    (11, 31, 3, 11),
    (11, 31, 4, 15),
    (11, 31, 5, 18),
    (12, 32, 1, 2),
    (12, 32, 2, 6),
    (12, 32, 3, 11),
    (12, 32, 4, 15),
    (12, 32, 5, 18),
    (13, 33, 1, 2),
    (13, 33, 2, 6),
    (13, 33, 3, 11),
    (13, 33, 4, 15),
    (13, 33, 5, 18),
    (14, 34, 1, 2),
    (14, 34, 2, 6),
    (14, 34, 3, 11),
    (14, 34, 4, 15),
    (14, 34, 5, 18),
    (15, 35, 1, 2),
    (15, 35, 2, 6),
    (15, 35, 3, 11),
    (15, 35, 4, 15),
    (15, 35, 5, 18),
    (16, 36, 1, 2),
    (16, 36, 2, 6),
    (16, 36, 3, 11),
    (16, 36, 4, 15),
    (16, 36, 5, 18),
    (17, 37, 1, 2),
    (17, 37, 2, 6),
    (17, 37, 3, 11),
    (17, 37, 4, 15),
    (17, 37, 5, 18),
    (18, 38, 1, 2),
    (18, 38, 2, 6),
    (18, 38, 3, 11),
    (18, 38, 4, 15),
    (18, 38, 5, 18),
    (19, 39, 1, 2),
    (19, 39, 2, 6),
    (19, 39, 3, 11),
    (19, 39, 4, 15),
    (19, 39, 5, 18),
    (20, 40, 1, 2),
    (20, 40, 2, 6),
    (20, 40, 3, 11),
    (20, 40, 4, 15),
    (20, 40, 5, 18);

    INSERT INTO public."Banner"
(id, image, title, "subTitle", description, url, "isAvailable", "createdAt")
VALUES(nextval('"Banner_id_seq"'::regclass), 'https://maraviyainfotech.com/projects/grabit-tailwind/grabit-tailwind/assets/img/hero-bg/5.jpg', 'Latest Exclusive Summer Collection', '30% Sale', '', '/url', true, CURRENT_TIMESTAMP);

INSERT INTO public."Banner"
(id, image, title, "subTitle", description, url, "isAvailable", "createdAt")
VALUES(nextval('"Banner_id_seq"'::regclass), 'https://maraviyainfotech.com/projects/grabit-tailwind/grabit-tailwind/assets/img/hero-bg/6.jpg', '20 Days for best of Summer Collection', '50% Sale', '', '/url', true, CURRENT_TIMESTAMP);

INSERT INTO public."Banner"
(id, image, title, "subTitle", description, url, "isAvailable", "createdAt")
VALUES(nextval('"Banner_id_seq"'::regclass), 'https://ik.imagekit.io/gsozk5bngn/categry/tycho-atsma-2A4CxA33aA8-unsplash_EyYugmWSo.jpg', 'New arrivals are here', 'Best choices for you', 'The new arrivals have, well, newly arrived. Check out the latest options from our summer small-batch release while they are still in stock.', '/url', true, CURRENT_TIMESTAMP);